Timestamp,PM2.5 (µg/m³),PM10 (µg/m³),NO (µg/m³),NO2 (µg/m³),NOx (ppb),NH3 (µg/m³),SO2 (µg/m³),CO (mg/m³),Ozone (µg/m³),Benzene (µg/m³),Toluene (µg/m³),Xylene (µg/m³),O Xylene (µg/m³),Eth-Benzene (µg/m³),MP-Xylene (µg/m³),AT (°C),RH (%),WS (m/s),WD (deg),RF (mm),TOT-RF (mm),SR (W/mt2),BP (mmHg),VWS (m/s)
2020-01-01 00:00:00,392.31,450.67,84.61,43.83,92.10,27.11,11.47,4.24,10.33,4.13,NA,NA,NA,NA,NA,NA,NA,NA,NA,NA,NA,NA,NA,NA
2020-01-02 00:00:00,458.86,497.51,91.25,50.60,101.10,34.24,12.00,4.51,11.47,5.48,NA,NA,NA,NA,NA,NA,NA,NA,NA,NA,NA,NA,NA,NA
2020-01-03 00:00:00,198.92,219.98,93.91,64.44,110.62,19.99,7.22,3.17,10.74,3.79,NA,NA,NA,NA,NA,NA,NA,NA,NA,NA,NA,NA,NA,NA
2020-01-04 00:00:00,224.26,255.98,83.32,65.87,102.78,18.48,5.90,2.93,16.10,2.78,NA,NA,NA,NA,NA,NA,NA,NA,NA,NA,NA,NA,NA,NA
2020-01-05 00:00:00,149.03,172.24,36.83,44.97,53.86,10.13,5.39,1.30,20.47,0.63,NA,NA,NA,NA,NA,NA,NA,NA,NA,NA,NA,NA,NA,NA
2020-01-06 00:00:00,139.48,171.82,40.16,48.19,58.28,11.10,5.97,1.43,10.15,0.86,NA,NA,NA,NA,NA,NA,NA,NA,NA,NA,NA,NA,NA,NA
2020-01-07 00:00:00,121.84,151.75,55.46,51.22,72.33,13.33,6.19,1.75,7.39,0.99,NA,NA,NA,NA,NA,NA,NA,NA,NA,NA,NA,NA,NA,NA
2020-01-08 00:00:00,115.04,128.55,42.94,41.07,56.76,11.26,3.39,1.37,7.38,0.71,NA,NA,NA,NA,NA,NA,NA,NA,NA,NA,NA,NA,NA,NA
2020-01-09 00:00:00,83.37,101.56,28.58,33.91,41.27,8.44,4.65,0.92,14.23,0.39,NA,NA,NA,NA,NA,NA,NA,NA,NA,NA,NA,NA,NA,NA
2020-01-10 00:00:00,116.21,149.62,34.47,28.62,43.25,20.56,11.69,1.42,21.61,0.66,NA,NA,NA,NA,NA,NA,NA,NA,NA,NA,NA,NA,NA,NA
2020-01-11 00:00:00,136.53,181.94,53.19,21.14,54.48,40.24,18.89,1.98,21.66,1.02,NA,NA,NA,NA,NA,NA,NA,NA,NA,NA,NA,NA,NA,NA
2020-01-12 00:00:00,205.76,270.19,85.10,18.94,78.94,55.86,17.89,2.92,20.95,1.75,NA,NA,NA,NA,NA,NA,NA,NA,NA,NA,NA,NA,NA,NA
2020-01-13 00:00:00,231.99,298.67,89.31,22.29,84.24,56.28,15.10,2.88,7.21,1.66,NA,NA,NA,NA,NA,NA,NA,NA,NA,NA,NA,NA,NA,NA
2020-01-14 00:00:00,142.37,172.03,40.91,17.74,42.63,29.28,11.43,1.21,9.21,0.33,NA,NA,NA,NA,NA,NA,NA,NA,NA,NA,NA,NA,NA,NA
2020-01-15 00:00:00,124.64,159.43,42.23,21.64,45.78,30.65,14.46,1.23,10.71,0.37,NA,NA,NA,NA,NA,NA,NA,NA,NA,NA,NA,NA,NA,NA
2020-01-16 00:00:00,132.67,160.13,47.53,19.24,48.75,32.29,13.13,1.34,4.20,0.47,NA,NA,NA,NA,NA,NA,NA,NA,NA,NA,NA,NA,NA,NA
2020-01-17 00:00:00,97.65,123.37,46.52,16.85,46.74,30.75,9.73,1.38,7.44,0.41,NA,NA,NA,NA,NA,NA,NA,NA,NA,NA,NA,NA,NA,NA
2020-01-18 00:00:00,127.97,172.36,52.47,19.52,52.92,34.56,10.74,1.57,11.06,0.45,NA,NA,NA,NA,NA,NA,NA,NA,NA,NA,NA,NA,NA,NA
2020-01-19 00:00:00,119.67,152.44,31.18,15.97,33.81,23.33,7.48,1.06,17.73,0.37,NA,NA,NA,NA,NA,NA,NA,NA,NA,NA,NA,NA,NA,NA
2020-01-20 00:00:00,145.41,196.61,46.95,15.99,46.58,29.84,9.06,1.77,13.24,0.62,NA,NA,NA,NA,NA,NA,NA,NA,NA,NA,NA,NA,NA,NA
2020-01-21 00:00:00,191.91,266.73,82.24,17.91,75.55,48.47,14.05,2.60,7.37,0.84,NA,NA,NA,NA,NA,NA,NA,NA,NA,NA,NA,NA,NA,NA
2020-01-22 00:00:00,213.27,283.70,58.70,20.37,58.43,40.04,12.08,2.18,9.06,0.57,NA,NA,NA,NA,NA,NA,NA,NA,NA,NA,NA,NA,NA,NA
2020-01-23 00:00:00,72.43,108.63,33.88,18.43,37.34,25.35,10.33,0.85,22.81,0.25,NA,NA,NA,NA,NA,NA,NA,NA,NA,NA,NA,NA,NA,NA
2020-01-24 00:00:00,92.35,132.84,41.65,20.24,44.60,28.94,14.59,1.12,24.93,0.24,NA,NA,NA,NA,NA,NA,NA,NA,NA,NA,NA,NA,NA,NA
2020-01-25 00:00:00,137.99,196.07,68.10,23.84,68.02,42.58,16.01,1.95,17.69,0.23,NA,NA,NA,NA,NA,NA,NA,NA,NA,NA,NA,NA,NA,NA
2020-01-26 00:00:00,162.27,228.25,94.32,17.18,85.75,53.92,17.28,2.68,17.56,0.26,NA,NA,NA,NA,NA,NA,NA,NA,NA,NA,NA,NA,NA,NA
2020-01-27 00:00:00,173.18,261.59,101.03,27.14,96.44,60.75,23.87,3.01,7.32,0.22,NA,NA,NA,NA,NA,NA,NA,NA,NA,NA,NA,NA,NA,NA
2020-01-28 00:00:00,101.49,161.69,56.57,22.70,57.90,38.13,13.04,1.55,7.88,0.21,NA,NA,NA,NA,NA,NA,NA,NA,NA,NA,NA,NA,NA,NA
2020-01-29 00:00:00,73.73,135.24,54.23,20.23,54.75,36.11,10.81,1.36,14.24,0.21,NA,NA,NA,NA,NA,NA,NA,NA,NA,NA,NA,NA,NA,NA
2020-01-30 00:00:00,82.59,134.63,44.69,22.04,47.88,31.48,9.80,1.13,15.46,0.39,NA,NA,NA,NA,NA,NA,NA,NA,NA,NA,NA,NA,NA,NA
2020-01-31 00:00:00,89.68,129.96,49.91,22.47,52.47,34.05,10.64,1.40,15.25,0.52,NA,NA,NA,NA,NA,NA,NA,NA,NA,NA,NA,NA,NA,NA
2020-02-01 00:00:00,98.45,144.96,65.04,20.96,63.89,40.92,11.13,1.66,16.29,0.65,NA,NA,NA,NA,NA,NA,NA,NA,NA,NA,NA,NA,NA,NA
2020-02-02 00:00:00,115.58,158.64,52.79,23.23,55.23,35.41,11.39,1.57,17.25,0.60,NA,NA,NA,NA,NA,NA,NA,NA,NA,NA,NA,NA,NA,NA
2020-02-03 00:00:00,130.31,192.20,85.70,24.33,82.64,50.92,13.86,2.53,17.99,1.20,NA,NA,NA,NA,NA,NA,NA,NA,NA,NA,NA,NA,NA,NA
2020-02-04 00:00:00,194.65,282.92,130.42,30.75,122.08,74.89,25.13,3.74,14.00,2.21,NA,NA,NA,NA,NA,NA,NA,NA,NA,NA,NA,NA,NA,NA
2020-02-05 00:00:00,138.64,191.83,59.11,23.61,60.58,38.22,18.34,1.65,15.81,0.58,NA,NA,NA,NA,NA,NA,NA,NA,NA,NA,NA,NA,NA,NA
2020-02-06 00:00:00,116.53,153.26,54.34,24.43,57.14,36.05,13.57,1.73,NA,0.44,NA,NA,NA,NA,NA,NA,NA,NA,NA,NA,NA,NA,NA,NA
2020-02-07 00:00:00,152.98,206.73,79.23,24.23,77.16,48.27,21.26,2.15,NA,0.62,NA,NA,NA,NA,NA,NA,NA,NA,NA,NA,NA,NA,NA,NA
2020-02-08 00:00:00,144.17,185.83,44.30,24.50,49.03,31.87,17.62,1.51,NA,0.39,NA,NA,NA,NA,NA,NA,NA,NA,NA,NA,NA,NA,NA,NA
2020-02-09 00:00:00,130.96,172.57,52.54,27.48,57.33,36.03,21.59,1.77,NA,0.31,NA,NA,NA,NA,NA,NA,NA,NA,NA,NA,NA,NA,NA,NA
2020-02-10 00:00:00,109.94,175.56,83.35,25.68,81.41,50.10,18.24,2.74,3.20,0.39,NA,NA,NA,NA,NA,NA,NA,NA,NA,NA,NA,NA,NA,NA
2020-02-11 00:00:00,153.20,229.13,105.98,24.66,99.20,60.97,19.88,3.26,17.08,NA,NA,NA,NA,NA,NA,NA,NA,NA,NA,NA,NA,NA,NA,NA
2020-02-12 00:00:00,154.54,205.54,53.33,25.47,56.89,36.82,21.79,1.90,19.76,NA,NA,NA,NA,NA,NA,NA,NA,NA,NA,NA,NA,NA,NA,NA
2020-02-13 00:00:00,79.66,122.26,42.32,20.87,45.51,29.93,26.84,1.30,25.19,NA,NA,NA,NA,NA,NA,NA,NA,NA,NA,NA,NA,NA,NA,NA
2020-02-14 00:00:00,62.84,111.72,46.21,20.58,48.47,32.07,21.68,1.19,27.27,NA,NA,NA,NA,NA,NA,NA,NA,NA,NA,NA,NA,NA,NA,NA
2020-02-15 00:00:00,70.85,119.47,50.12,26.46,54.80,35.36,29.69,1.39,22.29,NA,NA,NA,NA,NA,NA,NA,NA,NA,NA,NA,NA,NA,NA,NA
2020-02-16 00:00:00,113.78,165.76,73.06,29.68,75.18,46.07,27.42,2.15,19.79,NA,NA,NA,NA,NA,NA,NA,NA,NA,NA,NA,NA,NA,NA,NA
2020-02-17 00:00:00,143.00,203.51,80.13,29.98,81.09,51.19,28.10,2.35,16.86,NA,NA,NA,NA,NA,NA,NA,NA,NA,NA,NA,NA,NA,NA,NA
2020-02-18 00:00:00,117.47,176.77,77.95,31.06,79.88,48.99,37.32,3.41,19.52,NA,NA,NA,NA,NA,NA,NA,NA,NA,NA,NA,NA,NA,NA,NA
2020-02-19 00:00:00,136.61,213.21,138.64,33.84,130.52,80.79,29.27,5.17,15.32,NA,NA,NA,NA,NA,NA,NA,NA,NA,NA,NA,NA,NA,NA,NA
2020-02-20 00:00:00,132.62,186.82,64.33,33.01,69.71,44.60,18.68,1.33,23.97,NA,NA,NA,NA,NA,NA,NA,NA,NA,NA,NA,NA,NA,NA,NA
2020-02-21 00:00:00,79.54,100.89,52.14,22.27,54.19,35.13,13.40,0.74,25.04,NA,NA,NA,NA,NA,NA,NA,NA,NA,NA,NA,NA,NA,NA,NA
2020-02-22 00:00:00,138.85,180.53,76.53,24.05,74.88,46.44,19.71,1.65,16.14,NA,NA,NA,NA,NA,NA,NA,NA,NA,NA,NA,NA,NA,NA,NA
2020-02-23 00:00:00,209.12,248.63,63.55,24.16,64.45,42.07,18.30,0.96,21.43,NA,NA,NA,NA,NA,NA,NA,NA,NA,NA,NA,NA,NA,NA,NA
2020-02-24 00:00:00,146.84,190.63,62.89,27.69,65.77,41.99,19.70,0.81,22.81,NA,NA,NA,NA,NA,NA,NA,NA,NA,NA,NA,NA,NA,NA,NA
2020-02-25 00:00:00,192.54,256.12,66.39,27.68,68.69,42.99,22.38,1.09,24.91,NA,NA,NA,NA,NA,NA,NA,NA,NA,NA,NA,NA,NA,NA,NA
2020-02-26 00:00:00,167.53,233.82,88.05,28.12,86.52,53.96,19.36,1.55,23.56,NA,NA,NA,NA,NA,NA,NA,NA,NA,NA,NA,NA,NA,NA,NA
2020-02-27 00:00:00,148.71,232.95,77.56,29.86,78.77,49.72,12.31,1.04,18.44,1.03,NA,NA,NA,NA,NA,NA,NA,NA,NA,NA,NA,NA,NA,NA
2020-02-28 00:00:00,95.22,128.86,72.47,30.56,74.92,47.77,9.42,0.87,24.33,0.54,NA,NA,NA,NA,NA,NA,NA,NA,NA,NA,NA,NA,NA,NA
2020-02-29 00:00:00,70.51,97.49,75.13,28.72,76.19,48.67,10.71,0.98,24.05,0.41,NA,NA,NA,NA,NA,NA,NA,NA,NA,NA,NA,NA,NA,NA
2020-03-01 00:00:00,56.09,95.37,88.99,28.83,87.60,53.85,12.00,1.43,33.25,0.62,NA,NA,NA,NA,NA,NA,NA,NA,NA,NA,NA,NA,NA,NA
2020-03-02 00:00:00,128.81,182.03,125.14,28.36,116.60,71.66,17.46,2.65,33.36,1.85,NA,NA,NA,NA,NA,NA,NA,NA,NA,NA,NA,NA,NA,NA
2020-03-03 00:00:00,106.42,147.49,94.28,29.30,92.20,57.98,14.76,1.28,36.75,1.30,NA,NA,NA,NA,NA,NA,NA,NA,NA,NA,NA,NA,NA,NA
2020-03-04 00:00:00,107.18,171.15,109.06,32.54,105.77,65.44,19.74,1.49,26.75,0.91,NA,NA,NA,NA,NA,NA,NA,NA,NA,NA,NA,NA,NA,NA
2020-03-05 00:00:00,39.48,68.30,75.14,28.59,76.11,48.68,10.52,0.69,27.46,0.59,NA,NA,NA,NA,NA,NA,NA,NA,NA,NA,NA,NA,NA,NA
2020-03-06 00:00:00,26.71,41.57,64.86,25.76,66.22,42.69,6.56,0.56,22.19,0.37,NA,NA,NA,NA,NA,NA,NA,NA,NA,NA,NA,NA,NA,NA
2020-03-07 00:00:00,59.96,88.78,68.43,25.08,68.65,43.15,6.58,0.85,23.76,1.17,NA,NA,NA,NA,NA,NA,NA,NA,NA,NA,NA,NA,NA,NA
2020-03-08 00:00:00,78.03,109.35,77.18,21.43,73.76,47.03,8.86,0.85,40.06,0.73,NA,NA,NA,NA,NA,NA,NA,NA,NA,NA,NA,NA,NA,NA
2020-03-09 00:00:00,50.87,88.03,59.17,22.26,59.89,38.60,10.44,0.43,40.59,0.35,NA,NA,NA,NA,NA,NA,NA,NA,NA,NA,NA,NA,NA,NA
2020-03-10 00:00:00,83.59,127.41,61.76,26.46,64.26,41.09,19.30,0.55,48.23,0.17,NA,NA,NA,NA,NA,NA,NA,NA,NA,NA,NA,NA,NA,NA
2020-03-11 00:00:00,76.63,113.03,73.76,28.68,74.98,48.02,13.20,0.60,27.95,0.15,NA,NA,NA,NA,NA,NA,NA,NA,NA,NA,NA,NA,NA,NA
2020-03-12 00:00:00,92.73,142.03,93.35,24.23,88.41,55.33,13.48,1.09,25.24,0.15,NA,NA,NA,NA,NA,NA,NA,NA,NA,NA,NA,NA,NA,NA
2020-03-13 00:00:00,57.58,117.35,71.99,34.93,76.94,42.58,13.88,0.56,22.52,0.40,NA,NA,NA,NA,NA,NA,NA,NA,NA,NA,NA,NA,NA,NA
2020-03-14 00:00:00,57.07,84.91,50.15,44.27,64.32,28.28,7.53,0.40,10.86,0.36,NA,NA,NA,NA,NA,NA,NA,NA,NA,NA,NA,NA,NA,NA
2020-03-15 00:00:00,63.00,96.32,54.35,46.80,69.08,29.73,14.04,0.43,26.44,0.36,NA,NA,NA,NA,NA,NA,NA,NA,NA,NA,NA,NA,NA,NA
2020-03-16 00:00:00,56.95,102.57,49.69,47.78,65.82,28.58,13.41,0.83,24.43,0.36,NA,NA,NA,NA,NA,NA,NA,NA,NA,NA,NA,NA,NA,NA
2020-03-17 00:00:00,67.15,108.28,50.86,48.75,67.28,29.20,15.48,0.83,32.17,0.46,NA,NA,NA,NA,NA,NA,NA,NA,NA,NA,NA,NA,NA,NA
2020-03-18 00:00:00,71.45,117.12,56.28,52.48,73.67,31.55,15.86,1.47,33.51,0.58,NA,NA,NA,NA,NA,NA,NA,NA,NA,NA,NA,NA,NA,NA
2020-03-19 00:00:00,109.89,165.19,57.83,50.84,74.06,31.97,19.24,2.31,44.40,0.58,NA,NA,NA,NA,NA,NA,NA,NA,NA,NA,NA,NA,NA,NA
2020-03-20 00:00:00,121.56,174.71,67.75,64.00,89.12,36.93,28.39,3.46,35.82,0.58,NA,NA,NA,NA,NA,NA,NA,NA,NA,NA,NA,NA,NA,NA
2020-03-21 00:00:00,102.95,144.25,60.66,51.74,76.84,32.71,21.13,2.29,44.50,0.58,NA,NA,NA,NA,NA,NA,NA,NA,NA,NA,NA,NA,NA,NA
2020-03-22 00:00:00,87.54,103.86,54.84,43.94,67.96,30.45,18.85,0.85,38.02,0.58,NA,NA,NA,NA,NA,NA,NA,NA,NA,NA,NA,NA,NA,NA
2020-03-23 00:00:00,94.12,109.81,48.00,39.51,60.04,26.54,17.77,0.69,37.99,0.58,NA,NA,NA,NA,NA,NA,NA,NA,NA,NA,NA,NA,NA,NA
2020-03-24 00:00:00,94.00,110.00,42.79,37.48,54.72,24.19,17.86,0.91,24.10,0.58,NA,NA,NA,NA,NA,NA,NA,NA,NA,NA,NA,NA,NA,NA
2020-03-25 00:00:00,85.68,100.72,40.90,30.64,49.55,22.41,10.33,1.49,26.49,NA,NA,NA,NA,NA,NA,NA,NA,NA,NA,NA,NA,NA,NA,NA
2020-03-26 00:00:00,47.37,58.00,44.29,30.37,52.16,24.35,13.05,1.00,26.49,NA,NA,NA,NA,NA,NA,NA,NA,NA,NA,NA,NA,NA,NA,NA
2020-03-27 00:00:00,58.06,73.58,46.79,33.55,55.89,25.57,7.24,0.84,20.31,NA,NA,NA,NA,NA,NA,NA,NA,NA,NA,NA,NA,NA,NA,NA
2020-03-28 00:00:00,60.00,67.83,44.31,30.91,52.47,23.93,8.15,0.80,23.87,NA,NA,NA,NA,NA,NA,NA,NA,NA,NA,NA,NA,NA,NA,NA
2020-03-29 00:00:00,60.40,66.79,37.32,21.99,45.14,17.21,5.36,0.55,41.06,NA,NA,NA,NA,NA,NA,NA,NA,NA,NA,NA,NA,NA,NA,NA
2020-03-30 00:00:00,54.28,66.34,33.36,17.57,42.31,12.57,9.71,0.71,44.67,NA,NA,NA,NA,NA,NA,NA,NA,NA,NA,NA,NA,NA,NA,NA
2020-03-31 00:00:00,46.31,54.07,33.80,17.84,42.97,12.79,11.42,0.68,43.45,NA,NA,NA,NA,NA,NA,NA,NA,NA,NA,NA,NA,NA,NA,NA
2020-04-01 00:00:00,51.54,67.92,28.75,15.92,36.41,10.88,11.93,0.78,35.71,NA,NA,NA,NA,NA,NA,NA,NA,NA,NA,NA,NA,NA,NA,NA
2020-04-02 00:00:00,53.00,56.71,27.54,14.44,34.01,10.26,9.28,0.62,42.46,NA,NA,NA,NA,NA,NA,NA,NA,NA,NA,NA,NA,NA,NA,NA
2020-04-03 00:00:00,47.61,32.00,31.83,16.62,40.02,12.01,10.33,0.81,47.72,NA,NA,NA,NA,NA,NA,NA,NA,NA,NA,NA,NA,NA,NA,NA
2020-04-04 00:00:00,44.22,54.18,32.54,19.20,43.03,12.53,10.27,1.20,38.11,NA,NA,NA,NA,NA,NA,NA,NA,NA,NA,NA,NA,NA,NA,NA
2020-04-05 00:00:00,49.93,78.61,29.20,17.90,38.46,11.27,18.33,1.63,40.95,NA,NA,NA,NA,NA,NA,NA,NA,NA,NA,NA,NA,NA,NA,NA
2020-04-06 00:00:00,43.31,95.82,30.29,17.40,39.13,11.49,16.15,1.67,39.85,NA,NA,NA,NA,NA,NA,NA,NA,NA,NA,NA,NA,NA,NA,NA
2020-04-07 00:00:00,36.33,63.06,33.35,17.47,42.22,12.51,14.98,1.03,45.09,NA,NA,NA,NA,NA,NA,NA,NA,NA,NA,NA,NA,NA,NA,NA
2020-04-08 00:00:00,27.93,58.20,33.58,17.30,42.33,12.51,10.95,1.11,44.70,NA,NA,NA,NA,NA,NA,NA,NA,NA,NA,NA,NA,NA,NA,NA
2020-04-09 00:00:00,38.62,59.53,32.95,18.51,42.67,12.30,16.61,1.54,42.19,NA,NA,NA,NA,NA,NA,NA,NA,NA,NA,NA,NA,NA,NA,NA
2020-04-10 00:00:00,64.37,80.86,35.09,22.01,47.73,13.26,16.16,2.16,41.65,NA,NA,NA,NA,NA,NA,NA,NA,NA,NA,NA,NA,NA,NA,NA
2020-04-11 00:00:00,70.90,99.80,36.29,20.89,47.92,13.58,20.12,2.39,55.89,NA,NA,NA,NA,NA,NA,NA,NA,NA,NA,NA,NA,NA,NA,NA
2020-04-12 00:00:00,48.13,66.55,35.78,18.96,45.85,13.16,16.14,1.72,45.14,NA,NA,NA,NA,NA,NA,NA,NA,NA,NA,NA,NA,NA,NA,NA
2020-04-13 00:00:00,79.47,100.64,31.67,19.35,42.08,12.08,25.45,2.34,36.21,NA,NA,NA,NA,NA,NA,NA,NA,NA,NA,NA,NA,NA,NA,NA
2020-04-14 00:00:00,73.62,87.48,32.41,22.80,45.74,12.61,17.72,2.76,37.14,NA,NA,NA,NA,NA,NA,NA,NA,NA,NA,NA,NA,NA,NA,NA
2020-04-15 00:00:00,126.77,122.30,36.36,22.39,49.19,13.72,16.50,2.94,41.60,NA,NA,NA,NA,NA,NA,NA,NA,NA,NA,NA,NA,NA,NA,NA
2020-04-16 00:00:00,139.12,109.68,37.09,22.02,49.62,14.21,24.97,3.02,53.68,NA,NA,NA,NA,NA,NA,NA,NA,NA,NA,NA,NA,NA,NA,NA
2020-04-17 00:00:00,55.98,62.30,32.71,17.66,41.75,12.03,14.88,2.15,50.23,NA,NA,NA,NA,NA,NA,NA,NA,NA,NA,NA,NA,NA,NA,NA
2020-04-18 00:00:00,94.36,104.17,31.02,17.19,39.70,11.44,10.22,2.26,41.77,NA,NA,NA,NA,NA,NA,NA,NA,NA,NA,NA,NA,NA,NA,NA
2020-04-19 00:00:00,148.64,149.30,31.37,18.19,40.85,11.72,10.08,2.46,42.12,NA,NA,NA,NA,NA,NA,NA,NA,NA,NA,NA,NA,NA,NA,NA
2020-04-20 00:00:00,125.38,133.90,34.63,20.82,46.25,12.94,9.14,3.40,41.94,NA,NA,NA,NA,NA,NA,NA,NA,NA,NA,NA,NA,NA,NA,NA
2020-04-21 00:00:00,128.39,144.19,31.42,18.34,41.02,11.69,12.40,2.70,49.86,NA,NA,NA,NA,NA,NA,NA,NA,NA,NA,NA,NA,NA,NA,NA
2020-04-22 00:00:00,126.87,148.97,33.57,21.12,45.41,12.57,18.05,3.45,55.32,NA,NA,NA,NA,NA,NA,NA,NA,NA,NA,NA,NA,NA,NA,NA
2020-04-23 00:00:00,127.54,154.30,32.75,21.95,45.27,12.53,17.38,3.47,46.28,NA,NA,NA,NA,NA,NA,NA,NA,NA,NA,NA,NA,NA,NA,NA
2020-04-24 00:00:00,186.81,194.07,33.51,22.70,46.64,12.69,15.80,3.69,59.14,NA,NA,NA,NA,NA,NA,NA,NA,NA,NA,NA,NA,NA,NA,NA
2020-04-25 00:00:00,147.64,160.54,34.04,20.34,45.26,12.58,9.61,2.97,48.16,NA,NA,NA,NA,NA,NA,NA,NA,NA,NA,NA,NA,NA,NA,NA
2020-04-26 00:00:00,76.86,93.11,36.19,20.38,47.40,13.21,11.85,2.99,53.65,NA,NA,NA,NA,NA,NA,NA,NA,NA,NA,NA,NA,NA,NA,NA
2020-04-27 00:00:00,213.50,259.10,32.91,18.24,42.41,12.01,6.92,2.76,61.32,NA,NA,NA,NA,NA,NA,NA,NA,NA,NA,NA,NA,NA,NA,NA
2020-04-28 00:00:00,93.89,102.67,34.25,19.27,44.59,12.63,11.33,3.02,65.37,NA,NA,NA,NA,NA,NA,NA,NA,NA,NA,NA,NA,NA,NA,NA
2020-04-29 00:00:00,66.28,104.57,38.98,23.61,52.78,14.57,12.94,3.35,60.28,NA,NA,NA,NA,NA,NA,NA,NA,NA,NA,NA,NA,NA,NA,NA
2020-04-30 00:00:00,60.54,124.75,35.68,20.52,47.01,13.13,14.51,2.98,69.89,NA,NA,NA,NA,NA,NA,NA,NA,NA,NA,NA,NA,NA,NA,NA
2020-05-01 00:00:00,70.71,141.77,35.29,20.58,46.68,13.07,14.51,2.90,80.04,NA,NA,NA,NA,NA,NA,NA,NA,NA,NA,NA,NA,NA,NA,NA
2020-05-02 00:00:00,42.23,159.29,36.17,19.97,47.05,13.17,9.88,2.46,83.90,NA,NA,NA,NA,NA,NA,NA,NA,NA,NA,NA,NA,NA,NA,NA
2020-05-03 00:00:00,39.87,203.05,35.63,19.27,45.94,13.02,8.73,2.43,64.82,NA,NA,NA,NA,NA,NA,NA,NA,NA,NA,NA,NA,NA,NA,NA
2020-05-04 00:00:00,50.81,225.61,35.44,19.34,45.81,12.96,11.85,2.50,69.81,NA,NA,NA,NA,NA,NA,NA,NA,NA,NA,NA,NA,NA,NA,NA
2020-05-05 00:00:00,91.00,276.43,32.31,19.79,43.08,12.09,17.65,2.99,71.46,NA,NA,NA,NA,NA,NA,NA,NA,NA,NA,NA,NA,NA,NA,NA
2020-05-06 00:00:00,92.24,297.43,34.31,21.92,46.79,12.93,21.84,3.22,63.82,NA,NA,NA,NA,NA,NA,NA,NA,NA,NA,NA,NA,NA,NA,NA
2020-05-07 00:00:00,68.29,207.20,30.14,17.67,39.21,11.21,15.68,2.72,90.57,NA,NA,NA,NA,NA,NA,NA,NA,NA,NA,NA,NA,NA,NA,NA
2020-05-08 00:00:00,82.54,421.17,32.77,19.41,43.23,12.27,14.65,3.11,91.89,NA,NA,NA,NA,NA,NA,NA,NA,NA,NA,NA,NA,NA,NA,NA
2020-05-09 00:00:00,NA,NA,34.79,20.33,45.97,12.85,13.49,3.31,102.16,NA,NA,NA,NA,NA,NA,NA,NA,NA,NA,NA,NA,NA,NA,NA
2020-05-10 00:00:00,NA,NA,37.58,21.12,49.38,13.81,13.74,2.98,79.28,NA,NA,NA,NA,NA,NA,NA,NA,NA,NA,NA,NA,NA,NA,NA
2020-05-11 00:00:00,63.92,363.80,26.35,21.11,38.26,10.71,5.89,2.48,48.69,NA,NA,NA,NA,NA,NA,NA,NA,NA,NA,NA,NA,NA,NA,NA
2020-05-12 00:00:00,60.18,NA,21.25,27.45,38.36,11.03,4.00,1.50,46.11,NA,NA,NA,NA,NA,NA,NA,NA,NA,NA,NA,NA,NA,NA,NA
2020-05-13 00:00:00,90.01,NA,24.05,32.07,44.88,12.56,5.36,1.76,38.60,NA,NA,NA,NA,NA,NA,NA,NA,NA,NA,NA,NA,NA,NA,NA
2020-05-14 00:00:00,69.80,NA,26.84,35.54,50.47,13.82,3.65,1.73,42.24,NA,NA,NA,NA,NA,NA,NA,NA,NA,NA,NA,NA,NA,NA,NA
2020-05-15 00:00:00,65.95,NA,25.35,31.54,45.73,12.97,5.19,1.35,47.72,NA,NA,NA,NA,NA,NA,NA,NA,NA,NA,NA,NA,NA,NA,NA
2020-05-16 00:00:00,85.17,NA,22.05,28.70,40.16,11.47,6.38,1.78,53.68,NA,NA,NA,NA,NA,NA,NA,NA,NA,NA,NA,NA,NA,NA,NA
2020-05-17 00:00:00,95.73,NA,24.16,33.51,46.16,12.78,6.74,2.33,42.91,NA,NA,NA,NA,NA,NA,NA,NA,NA,NA,NA,NA,NA,NA,NA
2020-05-18 00:00:00,54.59,NA,28.05,38.61,54.17,14.65,8.99,2.79,43.97,NA,NA,NA,NA,NA,NA,NA,NA,NA,NA,NA,NA,NA,NA,NA
2020-05-19 00:00:00,101.58,NA,28.76,42.17,57.76,15.43,8.07,3.47,44.50,NA,NA,NA,NA,NA,NA,NA,NA,NA,NA,NA,NA,NA,NA,NA
2020-05-20 00:00:00,56.95,NA,29.31,38.49,55.31,15.37,7.28,2.30,42.68,NA,NA,NA,NA,NA,NA,NA,NA,NA,NA,NA,NA,NA,NA,NA
2020-05-21 00:00:00,63.31,NA,30.29,39.18,56.84,15.64,6.79,2.50,47.62,NA,NA,NA,NA,NA,NA,NA,NA,NA,NA,NA,NA,NA,NA,NA
2020-05-22 00:00:00,111.91,NA,31.22,45.44,62.85,16.68,13.59,3.92,41.99,NA,NA,NA,NA,NA,NA,NA,NA,NA,NA,NA,NA,NA,NA,NA
2020-05-23 00:00:00,83.37,NA,34.68,46.75,67.35,18.00,6.45,3.54,33.04,NA,NA,NA,NA,NA,NA,NA,NA,NA,NA,NA,NA,NA,NA,NA
2020-05-24 00:00:00,94.51,NA,29.82,38.18,55.56,15.43,7.10,2.84,34.49,NA,NA,NA,NA,NA,NA,NA,NA,NA,NA,NA,NA,NA,NA,NA
2020-05-25 00:00:00,92.34,NA,31.77,40.17,59.11,16.18,9.31,3.03,37.18,NA,NA,NA,NA,NA,NA,NA,NA,NA,NA,NA,NA,NA,NA,NA
2020-05-26 00:00:00,76.05,193.07,33.54,42.81,63.00,17.31,5.04,3.40,33.40,NA,NA,NA,NA,NA,NA,NA,NA,NA,NA,NA,NA,NA,NA,NA
2020-05-27 00:00:00,65.15,143.01,22.17,29.90,41.27,12.18,5.95,2.81,34.50,NA,NA,NA,NA,NA,NA,NA,NA,NA,NA,NA,NA,NA,NA,NA
2020-05-28 00:00:00,68.61,194.41,25.02,30.23,44.34,13.41,3.55,2.39,30.76,NA,NA,NA,NA,NA,NA,NA,NA,NA,NA,NA,NA,NA,NA,NA
2020-05-29 00:00:00,45.23,112.26,31.05,36.05,55.05,17.75,2.69,2.16,33.16,NA,NA,NA,NA,NA,NA,NA,NA,NA,NA,NA,NA,NA,NA,NA
2020-05-30 00:00:00,44.88,89.35,21.88,26.65,38.34,14.08,1.65,2.09,31.85,NA,NA,NA,NA,NA,NA,NA,NA,NA,NA,NA,NA,NA,NA,NA
2020-05-31 00:00:00,43.01,81.87,20.49,24.70,35.37,12.51,1.31,1.88,26.18,NA,NA,NA,NA,NA,NA,NA,NA,NA,NA,NA,NA,NA,NA,NA
2020-06-01 00:00:00,76.33,102.71,21.43,26.81,37.81,12.32,4.07,2.45,31.87,0.06,NA,NA,NA,NA,NA,NA,NA,NA,NA,NA,NA,NA,NA,NA
2020-06-02 00:00:00,76.58,122.70,25.30,32.56,46.52,17.03,2.72,2.23,37.59,0.01,NA,NA,NA,NA,NA,NA,NA,NA,NA,NA,NA,NA,NA,NA
2020-06-03 00:00:00,92.73,140.30,24.67,34.00,47.07,17.47,5.06,2.46,37.31,0.01,NA,NA,NA,NA,NA,NA,NA,NA,NA,NA,NA,NA,NA,NA
2020-06-04 00:00:00,102.28,173.23,31.14,42.20,60.14,20.21,5.46,2.80,22.06,0.00,NA,NA,NA,NA,NA,NA,NA,NA,NA,NA,NA,NA,NA,NA
2020-06-05 00:00:00,96.61,134.33,23.84,33.12,45.53,16.23,2.59,2.36,23.45,0.01,NA,NA,NA,NA,NA,NA,NA,NA,NA,NA,NA,NA,NA,NA
2020-06-06 00:00:00,87.55,136.45,22.84,31.33,43.09,15.88,1.85,2.15,24.87,0.01,NA,NA,NA,NA,NA,NA,NA,NA,NA,NA,NA,NA,NA,NA
2020-06-07 00:00:00,95.94,150.16,20.03,26.48,36.36,13.97,1.12,1.97,23.88,0.01,NA,NA,NA,NA,NA,NA,NA,NA,NA,NA,NA,NA,NA,NA
2020-06-08 00:00:00,103.91,153.08,25.46,34.41,48.18,16.74,4.07,2.37,34.18,0.00,NA,NA,NA,NA,NA,NA,NA,NA,NA,NA,NA,NA,NA,NA
2020-06-09 00:00:00,131.65,240.63,25.73,33.36,47.59,16.71,2.86,2.77,39.64,0.00,NA,NA,NA,NA,NA,NA,NA,NA,NA,NA,NA,NA,NA,NA
2020-06-10 00:00:00,122.66,244.75,29.03,36.33,53.27,17.10,3.08,2.75,33.04,0.00,NA,NA,NA,NA,NA,NA,NA,NA,NA,NA,NA,NA,NA,NA
2020-06-11 00:00:00,131.93,289.14,26.86,33.49,48.82,14.92,2.72,2.58,34.10,0.01,NA,NA,NA,NA,NA,NA,NA,NA,NA,NA,NA,NA,NA,NA
2020-06-12 00:00:00,108.86,241.33,25.71,32.38,46.71,13.19,2.47,2.63,22.69,0.00,NA,NA,NA,NA,NA,NA,NA,NA,NA,NA,NA,NA,NA,NA
2020-06-13 00:00:00,61.79,110.28,24.24,30.56,43.85,12.66,1.29,2.26,17.60,0.00,NA,NA,NA,NA,NA,NA,NA,NA,NA,NA,NA,NA,NA,NA
2020-06-14 00:00:00,84.43,127.45,21.94,27.01,38.68,11.40,1.62,2.40,22.90,0.00,NA,NA,NA,NA,NA,NA,NA,NA,NA,NA,NA,NA,NA,NA
2020-06-15 00:00:00,65.63,99.04,28.12,33.55,50.11,14.25,4.63,2.20,30.84,0.00,NA,NA,NA,NA,NA,NA,NA,NA,NA,NA,NA,NA,NA,NA
2020-06-16 00:00:00,52.06,77.94,24.25,30.41,43.73,12.83,4.94,2.16,31.20,0.00,NA,NA,NA,NA,NA,NA,NA,NA,NA,NA,NA,NA,NA,NA
2020-06-17 00:00:00,51.34,72.27,28.46,35.13,51.74,14.70,3.92,2.00,27.32,0.00,NA,NA,NA,NA,NA,NA,NA,NA,NA,NA,NA,NA,NA,NA
2020-06-18 00:00:00,52.81,75.07,20.00,25.98,35.90,10.90,3.25,2.08,28.86,0.00,NA,NA,NA,NA,NA,NA,NA,NA,NA,NA,NA,NA,NA,NA
2020-06-19 00:00:00,68.69,145.88,26.85,32.26,47.77,13.89,2.85,2.17,23.84,0.00,NA,NA,NA,NA,NA,NA,NA,NA,NA,NA,NA,NA,NA,NA
2020-06-20 00:00:00,40.34,63.53,26.04,32.09,46.83,13.18,3.56,1.84,17.93,0.00,NA,NA,NA,NA,NA,NA,NA,NA,NA,NA,NA,NA,NA,NA
2020-06-21 00:00:00,54.64,72.99,20.35,24.78,35.29,11.02,4.44,2.39,14.70,NA,NA,NA,NA,NA,NA,NA,NA,NA,NA,NA,NA,NA,NA,NA
2020-06-22 00:00:00,58.63,72.30,22.01,26.70,38.50,11.87,4.67,2.58,18.48,NA,NA,NA,NA,NA,NA,NA,NA,NA,NA,NA,NA,NA,NA,NA
2020-06-23 00:00:00,35.69,41.62,24.21,29.86,43.24,13.68,4.48,2.37,11.41,0.49,NA,NA,NA,NA,NA,NA,NA,NA,NA,NA,NA,NA,NA,NA
2020-06-24 00:00:00,51.90,57.35,21.40,29.22,39.95,15.49,3.11,2.63,9.80,7.79,NA,NA,NA,NA,NA,NA,NA,NA,NA,NA,NA,NA,NA,NA
2020-06-25 00:00:00,47.20,55.63,24.49,32.22,45.45,17.40,3.06,2.50,11.89,3.52,NA,NA,NA,NA,NA,NA,NA,NA,NA,NA,NA,NA,NA,NA
2020-06-26 00:00:00,68.38,89.07,23.66,29.47,42.38,15.74,3.13,2.47,12.11,6.09,NA,NA,NA,NA,NA,NA,NA,NA,NA,NA,NA,NA,NA,NA
2020-06-27 00:00:00,48.49,93.72,21.40,26.64,37.84,13.58,3.10,1.96,13.50,3.39,NA,NA,NA,NA,NA,NA,NA,NA,NA,NA,NA,NA,NA,NA
2020-06-28 00:00:00,60.37,173.78,24.94,29.46,43.64,14.80,3.08,2.30,26.65,2.50,NA,NA,NA,NA,NA,NA,NA,NA,NA,NA,NA,NA,NA,NA
2020-06-29 00:00:00,58.78,115.64,29.01,34.64,51.88,16.30,3.06,2.46,30.75,2.16,NA,NA,NA,NA,NA,NA,NA,NA,NA,NA,NA,NA,NA,NA
2020-06-30 00:00:00,57.00,75.71,25.40,34.32,48.05,15.60,3.21,2.63,33.44,1.63,NA,NA,NA,NA,NA,NA,NA,NA,NA,NA,NA,NA,NA,NA
2020-07-01 00:00:00,70.48,91.02,25.61,34.25,48.20,15.28,3.98,2.80,32.94,1.88,NA,NA,NA,NA,NA,NA,NA,NA,NA,NA,NA,NA,NA,NA
2020-07-02 00:00:00,83.19,108.17,23.51,30.40,43.00,12.21,5.02,2.68,37.71,1.39,NA,NA,NA,NA,NA,NA,NA,NA,NA,NA,NA,NA,NA,NA
2020-07-03 00:00:00,96.18,127.44,26.44,32.78,47.82,13.78,5.09,2.77,32.97,1.52,NA,NA,NA,NA,NA,NA,NA,NA,NA,NA,NA,NA,NA,NA
2020-07-04 00:00:00,67.81,79.25,22.21,29.17,40.70,11.59,5.05,2.33,31.21,1.47,NA,NA,NA,NA,NA,NA,NA,NA,NA,NA,NA,NA,NA,NA
2020-07-05 00:00:00,54.23,62.45,21.39,26.75,37.92,10.88,4.95,2.03,33.75,4.33,NA,NA,NA,NA,NA,NA,NA,NA,NA,NA,NA,NA,NA,NA
2020-07-06 00:00:00,58.64,68.98,22.92,28.14,40.57,12.42,5.04,2.56,30.34,3.89,NA,NA,NA,NA,NA,NA,NA,NA,NA,NA,NA,NA,NA,NA
2020-07-07 00:00:00,37.80,41.33,20.57,25.13,35.79,11.35,5.01,2.10,24.66,9.00,NA,NA,NA,NA,NA,NA,NA,NA,NA,NA,NA,NA,NA,NA
2020-07-08 00:00:00,39.22,44.22,19.79,23.90,34.02,11.06,4.92,2.26,29.56,11.80,NA,NA,NA,NA,NA,NA,NA,NA,NA,NA,NA,NA,NA,NA
2020-07-09 00:00:00,46.20,54.57,24.83,29.05,43.20,13.10,4.84,2.14,34.61,4.02,NA,NA,NA,NA,NA,NA,NA,NA,NA,NA,NA,NA,NA,NA
2020-07-10 00:00:00,45.35,56.62,22.53,27.36,39.55,11.92,4.49,2.51,21.14,2.82,NA,NA,NA,NA,NA,NA,NA,NA,NA,NA,NA,NA,NA,NA
2020-07-11 00:00:00,46.85,50.01,22.61,28.35,40.43,12.86,4.37,2.92,14.66,0.00,NA,NA,NA,NA,NA,NA,NA,NA,NA,NA,NA,NA,NA,NA
2020-07-12 00:00:00,44.60,44.69,18.69,23.51,32.62,11.10,4.15,2.75,14.09,0.00,NA,NA,NA,NA,NA,NA,NA,NA,NA,NA,NA,NA,NA,NA
2020-07-13 00:00:00,44.60,77.64,23.26,27.73,40.57,12.89,4.08,3.02,16.10,0.00,NA,NA,NA,NA,NA,NA,NA,NA,NA,NA,NA,NA,NA,NA
2020-07-14 00:00:00,54.72,91.56,24.80,28.73,42.91,13.31,4.23,2.21,18.05,0.00,NA,NA,NA,NA,NA,NA,NA,NA,NA,NA,NA,NA,NA,NA
2020-07-15 00:00:00,69.08,83.58,26.77,30.68,46.45,14.15,4.58,1.45,16.11,0.00,NA,NA,NA,NA,NA,NA,NA,NA,NA,NA,NA,NA,NA,NA
2020-07-16 00:00:00,54.15,59.78,30.01,33.23,51.73,16.12,4.90,1.52,10.11,0.01,NA,NA,NA,NA,NA,NA,NA,NA,NA,NA,NA,NA,NA,NA
2020-07-17 00:00:00,62.27,69.15,30.20,33.76,52.35,17.00,4.28,1.64,9.40,0.03,NA,NA,NA,NA,NA,NA,NA,NA,NA,NA,NA,NA,NA,NA
2020-07-18 00:00:00,64.86,67.06,25.29,28.70,43.43,13.69,4.26,1.44,34.00,1.30,NA,NA,NA,NA,NA,NA,NA,NA,NA,NA,NA,NA,NA,NA
2020-07-19 00:00:00,55.84,72.39,22.15,24.70,37.01,11.87,4.69,1.54,29.59,4.87,NA,NA,NA,NA,NA,NA,NA,NA,NA,NA,NA,NA,NA,NA
2020-07-20 00:00:00,46.25,60.24,21.60,25.24,36.93,11.99,4.12,1.32,32.35,3.22,NA,NA,NA,NA,NA,NA,NA,NA,NA,NA,NA,NA,NA,NA
2020-07-21 00:00:00,40.38,31.33,27.07,31.25,47.21,14.58,NA,1.53,35.52,1.89,NA,NA,NA,NA,NA,NA,NA,NA,NA,NA,NA,NA,NA,NA
2020-07-22 00:00:00,40.43,39.35,20.95,23.68,35.00,12.09,NA,1.39,27.70,2.60,NA,NA,NA,NA,NA,NA,NA,NA,NA,NA,NA,NA,NA,NA
2020-07-23 00:00:00,50.25,58.68,22.49,24.40,37.11,13.30,NA,1.67,29.06,1.78,NA,NA,NA,NA,NA,NA,NA,NA,NA,NA,NA,NA,NA,NA
2020-07-24 00:00:00,45.47,52.21,30.39,41.67,58.97,18.80,6.46,1.66,41.85,2.16,NA,NA,NA,NA,NA,NA,NA,NA,NA,NA,NA,NA,NA,NA
2020-07-25 00:00:00,62.65,66.74,25.33,34.45,48.09,14.39,6.29,1.34,30.93,3.09,NA,NA,NA,NA,NA,NA,NA,NA,NA,NA,NA,NA,NA,NA
2020-07-26 00:00:00,70.83,76.61,32.36,43.49,62.40,19.06,6.53,1.84,35.84,0.22,NA,NA,NA,NA,NA,NA,NA,NA,NA,NA,NA,NA,NA,NA
2020-07-27 00:00:00,42.86,49.12,29.75,39.55,56.61,18.39,6.23,1.26,36.33,0.01,NA,NA,NA,NA,NA,NA,NA,NA,NA,NA,NA,NA,NA,NA
2020-07-28 00:00:00,37.36,47.46,28.03,37.67,53.38,16.55,6.20,1.11,31.69,0.04,NA,NA,NA,NA,NA,NA,NA,NA,NA,NA,NA,NA,NA,NA
2020-07-29 00:00:00,40.20,51.58,31.53,44.65,62.52,18.30,6.94,1.42,20.84,0.06,NA,NA,NA,NA,NA,NA,NA,NA,NA,NA,NA,NA,NA,NA
2020-07-30 00:00:00,32.67,34.51,30.10,42.56,59.40,17.57,6.04,1.27,30.64,1.00,NA,NA,NA,NA,NA,NA,NA,NA,NA,NA,NA,NA,NA,NA
2020-07-31 00:00:00,58.71,67.36,26.96,36.70,51.54,14.29,6.56,1.58,24.83,2.11,NA,NA,NA,NA,NA,NA,NA,NA,NA,NA,NA,NA,NA,NA
2020-08-01 00:00:00,50.23,56.29,24.80,34.90,47.93,13.93,6.38,1.16,31.33,0.59,NA,NA,NA,NA,NA,NA,NA,NA,NA,NA,NA,NA,NA,NA
2020-08-02 00:00:00,33.37,37.39,25.20,33.08,46.84,15.69,5.82,0.94,39.55,0.03,NA,NA,NA,NA,NA,NA,NA,NA,NA,NA,NA,NA,NA,NA
2020-08-03 00:00:00,38.79,48.62,25.72,34.57,48.58,15.00,6.10,0.84,28.18,0.81,NA,NA,NA,NA,NA,NA,NA,NA,NA,NA,NA,NA,NA,NA
2020-08-04 00:00:00,39.15,47.71,32.39,42.12,61.31,18.25,6.67,1.03,22.69,0.00,NA,NA,NA,NA,NA,NA,NA,NA,NA,NA,NA,NA,NA,NA
2020-08-05 00:00:00,61.48,71.92,29.36,40.44,56.94,15.78,6.61,1.54,23.45,0.07,NA,NA,NA,NA,NA,NA,NA,NA,NA,NA,NA,NA,NA,NA
2020-08-06 00:00:00,33.74,38.52,26.89,35.18,50.23,15.19,6.34,1.12,28.42,1.66,NA,NA,NA,NA,NA,NA,NA,NA,NA,NA,NA,NA,NA,NA
2020-08-07 00:00:00,45.47,50.65,31.59,41.50,60.02,17.22,6.96,1.27,20.45,0.02,NA,NA,NA,NA,NA,NA,NA,NA,NA,NA,NA,NA,NA,NA
2020-08-08 00:00:00,68.12,78.97,27.06,37.20,52.04,16.04,6.49,1.13,32.48,0.47,NA,NA,NA,NA,NA,NA,NA,NA,NA,NA,NA,NA,NA,NA
2020-08-09 00:00:00,63.70,71.61,22.22,29.48,40.96,17.50,6.80,1.13,28.90,0.90,NA,NA,NA,NA,NA,NA,NA,NA,NA,NA,NA,NA,NA,NA
2020-08-10 00:00:00,39.93,45.12,33.75,45.57,65.47,26.38,4.73,1.33,17.34,0.12,NA,NA,NA,NA,NA,NA,NA,NA,NA,NA,NA,NA,NA,NA
2020-08-11 00:00:00,55.22,61.82,36.33,46.80,69.01,29.37,3.85,1.16,8.19,0.31,NA,NA,NA,NA,NA,NA,NA,NA,NA,NA,NA,NA,NA,NA
2020-08-12 00:00:00,43.95,55.56,30.16,37.78,55.22,22.80,3.86,0.88,9.50,0.53,NA,NA,NA,NA,NA,NA,NA,NA,NA,NA,NA,NA,NA,NA
2020-08-13 00:00:00,36.00,46.93,36.40,46.97,71.81,27.29,5.59,1.09,9.46,0.31,NA,NA,NA,NA,NA,NA,NA,NA,NA,NA,NA,NA,NA,NA
2020-08-14 00:00:00,39.25,61.84,25.32,37.25,55.36,19.84,8.19,1.23,9.97,5.05,NA,NA,NA,NA,NA,NA,NA,NA,NA,NA,NA,NA,NA,NA
2020-08-15 00:00:00,47.03,66.64,23.21,31.07,48.24,17.65,6.89,0.90,11.92,6.15,NA,NA,NA,NA,NA,NA,NA,NA,NA,NA,NA,NA,NA,NA
2020-08-16 00:00:00,43.58,58.63,32.88,42.83,67.37,25.83,7.92,1.01,11.45,0.31,NA,NA,NA,NA,NA,NA,NA,NA,NA,NA,NA,NA,NA,NA
2020-08-17 00:00:00,45.81,70.91,37.22,48.81,76.53,27.51,8.36,1.51,30.45,0.36,NA,NA,NA,NA,NA,NA,NA,NA,NA,NA,NA,NA,NA,NA
2020-08-18 00:00:00,47.60,79.18,29.47,40.87,62.40,22.95,7.57,1.26,39.19,0.36,NA,NA,NA,NA,NA,NA,NA,NA,NA,NA,NA,NA,NA,NA
2020-08-19 00:00:00,40.38,62.66,30.11,42.71,64.53,22.90,8.57,1.40,40.74,0.46,NA,NA,NA,NA,NA,NA,NA,NA,NA,NA,NA,NA,NA,NA
2020-08-20 00:00:00,31.06,46.01,29.53,41.45,62.94,23.55,8.91,1.40,36.70,1.75,NA,NA,NA,NA,NA,NA,NA,NA,NA,NA,NA,NA,NA,NA
2020-08-21 00:00:00,26.45,45.80,31.50,43.41,66.48,22.97,8.44,1.47,33.97,0.47,NA,NA,NA,NA,NA,NA,NA,NA,NA,NA,NA,NA,NA,NA
2020-08-22 00:00:00,27.77,35.27,23.47,33.81,50.79,18.28,7.16,0.87,30.12,0.75,NA,NA,NA,NA,NA,NA,NA,NA,NA,NA,NA,NA,NA,NA
2020-08-23 00:00:00,24.19,30.66,27.61,36.17,56.75,21.05,7.16,0.88,38.75,1.75,NA,NA,NA,NA,NA,NA,NA,NA,NA,NA,NA,NA,NA,NA
2020-08-24 00:00:00,13.58,31.73,39.42,60.15,72.08,47.83,7.72,1.24,31.51,0.31,NA,NA,NA,NA,NA,NA,NA,NA,NA,NA,NA,NA,NA,NA
2020-08-25 00:00:00,20.82,45.87,41.07,67.86,68.95,58.75,8.04,1.32,25.55,0.58,NA,NA,NA,NA,NA,NA,NA,NA,NA,NA,NA,NA,NA,NA
2020-08-26 00:00:00,15.65,29.42,33.37,54.59,55.74,50.51,5.02,0.85,29.50,0.31,NA,NA,NA,NA,NA,NA,NA,NA,NA,NA,NA,NA,NA,NA
2020-08-27 00:00:00,16.80,38.39,36.55,60.29,61.31,56.60,4.42,1.07,31.39,0.55,NA,NA,NA,NA,NA,NA,NA,NA,NA,NA,NA,NA,NA,NA
2020-08-28 00:00:00,31.36,54.65,41.00,69.21,69.62,61.30,6.12,1.70,42.97,0.63,NA,NA,NA,NA,NA,NA,NA,NA,NA,NA,NA,NA,NA,NA
2020-08-29 00:00:00,31.07,64.24,38.97,64.83,65.66,61.03,6.04,1.46,34.86,1.13,NA,NA,NA,NA,NA,NA,NA,NA,NA,NA,NA,NA,NA,NA
2020-08-30 00:00:00,16.60,31.52,39.53,63.24,65.26,61.45,5.01,0.77,26.81,0.46,NA,NA,NA,NA,NA,NA,NA,NA,NA,NA,NA,NA,NA,NA
2020-08-31 00:00:00,12.36,29.03,41.40,67.34,68.94,57.40,5.80,1.15,26.02,4.11,NA,NA,NA,NA,NA,NA,NA,NA,NA,NA,NA,NA,NA,NA
2020-09-01 00:00:00,16.12,38.05,29.49,55.18,53.07,49.72,5.23,1.10,31.12,12.60,NA,NA,NA,NA,NA,NA,NA,NA,NA,NA,NA,NA,NA,NA
2020-09-02 00:00:00,24.81,50.95,22.61,51.13,45.58,35.90,4.62,1.10,24.26,3.28,NA,NA,NA,NA,NA,NA,NA,NA,NA,NA,NA,NA,NA,NA
2020-09-03 00:00:00,33.90,59.20,19.16,44.46,39.22,24.48,4.49,0.96,16.31,22.48,NA,NA,NA,NA,NA,NA,NA,NA,NA,NA,NA,NA,NA,NA
2020-09-04 00:00:00,37.75,57.60,18.09,33.94,32.76,23.85,4.65,1.36,4.58,0.30,NA,NA,NA,NA,NA,NA,NA,NA,NA,NA,NA,NA,NA,NA
2020-09-05 00:00:00,32.20,49.11,16.65,30.30,29.66,22.17,2.90,1.03,6.23,0.30,NA,NA,NA,NA,NA,NA,NA,NA,NA,NA,NA,NA,NA,NA
2020-09-06 00:00:00,21.48,31.82,17.80,31.35,31.15,24.47,3.69,0.97,8.92,0.30,NA,NA,NA,NA,NA,NA,NA,NA,NA,NA,NA,NA,NA,NA
2020-09-07 00:00:00,35.71,57.49,17.35,31.47,30.85,23.13,3.88,1.21,5.07,0.30,NA,NA,NA,NA,NA,NA,NA,NA,NA,NA,NA,NA,NA,NA
2020-09-08 00:00:00,17.76,41.28,17.94,31.22,31.19,23.34,3.34,0.80,8.41,0.30,NA,NA,NA,NA,NA,NA,NA,NA,NA,NA,NA,NA,NA,NA
2020-09-09 00:00:00,32.99,78.22,16.04,28.46,28.17,21.85,3.92,0.93,6.54,0.30,NA,NA,NA,NA,NA,NA,NA,NA,NA,NA,NA,NA,NA,NA
2020-09-10 00:00:00,35.43,85.04,16.60,28.72,28.77,21.13,3.11,1.03,7.32,0.30,NA,NA,NA,NA,NA,NA,NA,NA,NA,NA,NA,NA,NA,NA
2020-09-11 00:00:00,37.62,99.48,23.37,38.58,39.53,27.17,4.11,1.32,9.76,0.30,NA,NA,NA,NA,NA,NA,NA,NA,NA,NA,NA,NA,NA,NA
2020-09-12 00:00:00,43.36,94.73,18.84,32.06,32.37,22.98,4.90,1.35,10.11,0.30,NA,NA,NA,NA,NA,NA,NA,NA,NA,NA,NA,NA,NA,NA
2020-09-13 00:00:00,42.96,116.46,19.29,32.69,33.07,23.70,4.27,1.15,8.96,0.30,NA,NA,NA,NA,NA,NA,NA,NA,NA,NA,NA,NA,NA,NA
2020-09-14 00:00:00,68.28,88.91,25.98,41.68,43.29,29.25,5.09,1.66,7.32,0.30,NA,NA,NA,NA,NA,NA,NA,NA,NA,NA,NA,NA,NA,NA
2020-09-15 00:00:00,66.85,86.38,20.04,33.09,33.89,23.46,4.28,1.30,12.59,0.30,NA,NA,NA,NA,NA,NA,NA,NA,NA,NA,NA,NA,NA,NA
2020-09-16 00:00:00,70.94,NA,20.18,32.55,33.73,22.57,4.70,1.18,7.97,0.30,NA,NA,NA,NA,NA,NA,NA,NA,NA,NA,NA,NA,NA,NA
2020-09-17 00:00:00,48.92,65.47,17.89,29.78,30.40,22.91,2.65,0.75,8.14,0.30,NA,NA,NA,NA,NA,NA,NA,NA,NA,NA,NA,NA,NA,NA
2020-09-18 00:00:00,41.06,86.51,18.01,31.15,31.21,22.84,3.19,0.78,7.70,0.30,NA,NA,NA,NA,NA,NA,NA,NA,NA,NA,NA,NA,NA,NA
2020-09-19 00:00:00,64.00,122.14,17.74,32.03,31.46,23.32,3.89,1.18,9.71,0.16,NA,NA,NA,NA,NA,NA,NA,NA,NA,NA,NA,NA,NA,NA
2020-09-20 00:00:00,77.62,149.39,16.79,29.94,29.58,21.05,4.64,1.20,9.60,0.00,NA,NA,NA,NA,NA,NA,NA,NA,NA,NA,NA,NA,NA,NA
2020-09-21 00:00:00,63.61,112.47,17.98,31.57,31.41,22.36,3.36,0.95,13.87,0.00,NA,NA,NA,NA,NA,NA,NA,NA,NA,NA,NA,NA,NA,NA
2020-09-22 00:00:00,49.60,96.02,19.45,33.49,33.63,23.97,4.62,1.38,3.59,0.00,NA,NA,NA,NA,NA,NA,NA,NA,NA,NA,NA,NA,NA,NA
2020-09-23 00:00:00,35.49,83.66,22.05,37.08,37.64,27.35,4.42,1.18,3.40,0.00,NA,NA,NA,NA,NA,NA,NA,NA,NA,NA,NA,NA,NA,NA
2020-09-24 00:00:00,52.83,99.06,20.89,35.54,35.88,25.55,6.70,1.12,5.69,0.00,NA,NA,NA,NA,NA,NA,NA,NA,NA,NA,NA,NA,NA,NA
2020-09-25 00:00:00,62.63,130.56,20.46,33.91,34.67,24.12,7.54,1.59,12.06,0.00,NA,NA,NA,NA,NA,NA,NA,NA,NA,NA,NA,NA,NA,NA
2020-09-26 00:00:00,65.88,153.50,25.73,40.77,42.60,27.84,8.96,1.60,4.99,0.00,NA,NA,NA,NA,NA,NA,NA,NA,NA,NA,NA,NA,NA,NA
2020-09-27 00:00:00,42.14,116.63,17.17,29.05,29.41,21.75,8.91,1.14,12.47,NA,NA,NA,NA,NA,NA,NA,NA,NA,NA,NA,NA,NA,NA,NA
2020-09-28 00:00:00,64.26,179.78,18.77,31.58,32.10,21.80,9.80,1.32,12.85,NA,NA,NA,NA,NA,NA,NA,NA,NA,NA,NA,NA,NA,NA,NA
2020-09-29 00:00:00,70.12,188.65,16.54,28.80,28.76,22.06,7.80,1.16,18.59,NA,NA,NA,NA,NA,NA,NA,NA,NA,NA,NA,NA,NA,NA,NA
2020-09-30 00:00:00,57.60,175.61,15.10,27.76,27.04,20.27,12.77,1.16,15.20,NA,NA,NA,NA,NA,NA,NA,NA,NA,NA,NA,NA,NA,NA,NA
2020-10-01 00:00:00,60.17,191.83,17.59,30.53,30.56,21.33,11.81,1.65,13.93,NA,NA,NA,NA,NA,NA,NA,NA,NA,NA,NA,NA,NA,NA,NA
2020-10-02 00:00:00,81.12,199.23,21.68,33.98,35.67,24.85,13.04,1.70,17.43,NA,NA,NA,NA,NA,NA,NA,NA,NA,NA,NA,NA,NA,NA,NA
2020-10-03 00:00:00,82.46,197.32,22.81,37.14,38.31,27.81,17.80,1.82,15.66,NA,NA,NA,NA,NA,NA,NA,NA,NA,NA,NA,NA,NA,NA,NA
2020-10-04 00:00:00,81.89,216.19,20.00,33.08,33.86,24.13,22.68,1.68,19.55,NA,NA,NA,NA,NA,NA,NA,NA,NA,NA,NA,NA,NA,NA,NA
2020-10-05 00:00:00,75.33,206.72,21.83,36.92,37.38,27.23,20.03,1.75,16.93,NA,NA,NA,NA,NA,NA,NA,NA,NA,NA,NA,NA,NA,NA,NA
2020-10-06 00:00:00,75.93,217.69,26.38,43.97,44.84,30.01,26.13,2.39,15.95,NA,NA,NA,NA,NA,NA,NA,NA,NA,NA,NA,NA,NA,NA,NA
2020-10-07 00:00:00,89.71,232.01,22.56,37.25,38.15,27.14,25.42,2.05,17.76,NA,NA,NA,NA,NA,NA,NA,NA,NA,NA,NA,NA,NA,NA,NA
2020-10-08 00:00:00,84.02,187.09,19.98,34.81,34.70,25.86,27.55,2.01,10.56,NA,NA,NA,NA,NA,NA,NA,NA,NA,NA,NA,NA,NA,NA,NA
2020-10-09 00:00:00,91.02,107.45,20.54,36.97,36.37,27.77,24.83,2.01,20.02,NA,NA,NA,NA,NA,NA,NA,NA,NA,NA,NA,NA,NA,NA,NA
2020-10-10 00:00:00,115.62,190.34,18.79,33.50,33.10,29.47,31.56,1.90,32.81,NA,NA,NA,NA,NA,NA,NA,NA,NA,NA,NA,NA,NA,NA,NA
2020-10-11 00:00:00,116.25,185.96,19.12,32.19,32.66,30.09,30.70,1.98,31.09,NA,NA,NA,NA,NA,NA,NA,NA,NA,NA,NA,NA,NA,NA,NA
2020-10-12 00:00:00,154.80,239.44,27.97,46.22,47.32,38.27,35.97,3.23,45.70,NA,NA,NA,NA,NA,NA,NA,NA,NA,NA,NA,NA,NA,NA,NA
2020-10-13 00:00:00,161.31,249.67,35.25,54.72,57.76,43.18,27.16,4.03,10.19,NA,NA,NA,NA,NA,NA,NA,NA,NA,NA,NA,NA,NA,NA,NA
2020-10-14 00:00:00,174.80,255.39,26.51,41.47,43.61,34.76,17.90,3.37,11.73,NA,NA,NA,NA,NA,NA,NA,NA,NA,NA,NA,NA,NA,NA,NA
2020-10-15 00:00:00,182.62,248.11,21.88,36.46,37.21,29.07,30.04,2.53,16.94,NA,NA,NA,NA,NA,NA,NA,NA,NA,NA,NA,NA,NA,NA,NA
2020-10-16 00:00:00,139.26,194.83,21.04,34.66,35.54,27.63,27.57,2.82,26.43,NA,NA,NA,NA,NA,NA,NA,NA,NA,NA,NA,NA,NA,NA,NA
2020-10-17 00:00:00,147.85,210.63,28.02,45.05,46.74,36.54,23.46,3.62,20.02,NA,NA,NA,NA,NA,NA,NA,NA,NA,NA,NA,NA,NA,NA,NA
2020-10-18 00:00:00,110.67,160.57,21.10,34.82,35.67,31.95,17.84,2.37,22.47,NA,NA,NA,NA,NA,NA,NA,NA,NA,NA,NA,NA,NA,NA,NA
2020-10-19 00:00:00,129.84,188.06,18.65,32.10,32.24,28.02,22.67,2.31,25.46,NA,NA,NA,NA,NA,NA,NA,NA,NA,NA,NA,NA,NA,NA,NA
2020-10-20 00:00:00,112.70,181.15,25.69,41.98,43.21,34.53,25.07,3.22,23.48,NA,NA,NA,NA,NA,NA,NA,NA,NA,NA,NA,NA,NA,NA,NA
2020-10-21 00:00:00,123.40,168.11,34.98,55.29,57.85,42.18,18.53,3.89,18.10,NA,NA,NA,NA,NA,NA,NA,NA,NA,NA,NA,NA,NA,NA,NA
2020-10-22 00:00:00,172.23,238.30,31.65,51.04,52.88,38.99,33.50,4.56,15.61,NA,NA,NA,NA,NA,NA,NA,NA,NA,NA,NA,NA,NA,NA,NA
2020-10-23 00:00:00,201.34,254.97,33.32,54.68,56.17,43.05,27.70,4.43,20.10,NA,NA,NA,NA,NA,NA,NA,NA,NA,NA,NA,NA,NA,NA,NA
2020-10-24 00:00:00,172.91,222.41,33.05,51.52,54.27,39.34,24.01,4.40,25.31,NA,NA,NA,NA,NA,NA,NA,NA,NA,NA,NA,NA,NA,NA,NA
2020-10-25 00:00:00,149.61,191.99,31.98,49.28,52.21,38.08,21.11,4.56,22.11,NA,NA,NA,NA,NA,NA,NA,NA,NA,NA,NA,NA,NA,NA,NA
2020-10-26 00:00:00,157.62,224.81,29.94,49.41,50.62,40.53,30.24,4.12,19.28,NA,NA,NA,NA,NA,NA,NA,NA,NA,NA,NA,NA,NA,NA,NA
2020-10-27 00:00:00,139.26,215.11,25.04,43.28,43.38,35.51,17.30,3.36,18.02,NA,NA,NA,NA,NA,NA,NA,NA,NA,NA,NA,NA,NA,NA,NA
2020-10-28 00:00:00,197.45,293.96,33.82,55.55,57.04,42.23,24.11,3.65,20.12,NA,NA,NA,NA,NA,NA,NA,NA,NA,NA,NA,NA,NA,NA,NA
2020-10-29 00:00:00,234.76,340.48,43.64,74.26,74.97,53.93,26.86,4.95,19.12,NA,NA,NA,NA,NA,NA,NA,NA,NA,NA,NA,NA,NA,NA,NA
2020-10-30 00:00:00,219.19,302.16,26.68,46.07,46.20,38.12,23.32,3.83,21.67,NA,NA,NA,NA,NA,NA,NA,NA,NA,NA,NA,NA,NA,NA,NA
2020-10-31 00:00:00,252.10,376.76,14.00,25.82,25.12,25.48,23.76,3.02,22.17,NA,NA,NA,NA,NA,NA,NA,NA,NA,NA,NA,NA,NA,NA,NA
2020-11-01 00:00:00,210.10,362.38,19.96,34.35,34.50,30.58,27.95,3.23,23.57,NA,NA,NA,NA,NA,NA,NA,NA,NA,NA,NA,NA,NA,NA,NA
2020-11-02 00:00:00,169.62,257.58,27.89,47.61,48.00,37.46,22.26,3.53,20.23,14.34,NA,NA,NA,NA,NA,NA,NA,NA,NA,NA,NA,NA,NA,NA
2020-11-03 00:00:00,176.82,237.06,44.54,71.15,74.06,51.47,19.74,4.56,16.28,9.03,NA,NA,NA,NA,NA,NA,NA,NA,NA,NA,NA,NA,NA,NA
2020-11-04 00:00:00,276.91,392.01,35.22,58.80,59.90,44.86,23.87,4.24,14.32,7.10,NA,NA,NA,NA,NA,NA,NA,NA,NA,NA,NA,NA,NA,NA
2020-11-05 00:00:00,367.45,441.81,32.13,54.97,55.36,41.86,24.15,4.14,21.46,7.43,NA,NA,NA,NA,NA,NA,NA,NA,NA,NA,NA,NA,NA,NA
2020-11-06 00:00:00,429.88,507.47,64.92,74.95,92.07,50.58,21.13,4.56,15.43,10.03,NA,NA,NA,NA,NA,NA,NA,NA,NA,NA,NA,NA,NA,NA
2020-11-07 00:00:00,346.48,464.72,95.63,83.02,121.91,54.92,24.83,4.48,17.55,7.23,NA,NA,NA,NA,NA,NA,NA,NA,NA,NA,NA,NA,NA,NA
2020-11-08 00:00:00,389.61,485.32,121.45,92.15,147.76,60.82,32.29,5.15,14.77,9.36,NA,NA,NA,NA,NA,NA,NA,NA,NA,NA,NA,NA,NA,NA
2020-11-09 00:00:00,514.25,605.16,98.71,83.09,124.45,56.34,22.93,5.89,12.78,10.67,NA,NA,NA,NA,NA,NA,NA,NA,NA,NA,NA,NA,NA,NA
2020-11-10 00:00:00,578.43,631.85,91.58,75.29,114.50,55.04,21.52,6.03,11.41,9.55,NA,NA,NA,NA,NA,NA,NA,NA,NA,NA,NA,NA,NA,NA
2020-11-11 00:00:00,NA,NA,NA,NA,NA,NA,NA,NA,NA,NA,NA,NA,NA,NA,NA,NA,NA,NA,NA,NA,NA,NA,NA,NA
2020-11-12 00:00:00,430.43,480.28,52.99,42.85,65.88,38.90,29.98,4.74,12.05,5.43,NA,NA,NA,NA,NA,NA,NA,NA,NA,NA,NA,NA,NA,NA
2020-11-13 00:00:00,482.68,541.30,67.26,44.13,78.16,41.28,19.38,5.14,13.61,9.43,NA,NA,NA,NA,NA,NA,NA,NA,NA,NA,NA,NA,NA,NA
2020-11-14 00:00:00,578.67,594.99,56.87,44.88,70.10,41.98,22.63,5.03,10.04,8.64,NA,NA,NA,NA,NA,NA,NA,NA,NA,NA,NA,NA,NA,NA
2020-11-15 00:00:00,659.29,691.84,32.95,34.25,45.00,32.31,24.14,3.42,7.43,5.04,NA,NA,NA,NA,NA,NA,NA,NA,NA,NA,NA,NA,NA,NA
2020-11-16 00:00:00,132.65,169.11,26.33,29.83,37.28,29.50,12.43,2.13,7.74,2.01,NA,NA,NA,NA,NA,NA,NA,NA,NA,NA,NA,NA,NA,NA
2020-11-17 00:00:00,79.95,128.36,31.17,32.12,42.43,31.41,12.47,2.11,9.77,5.83,NA,NA,NA,NA,NA,NA,NA,NA,NA,NA,NA,NA,NA,NA
2020-11-18 00:00:00,119.75,175.23,23.38,27.03,33.38,24.09,11.12,2.37,16.66,6.03,NA,NA,NA,NA,NA,NA,NA,NA,NA,NA,NA,NA,NA,NA
2020-11-19 00:00:00,140.26,201.27,38.52,32.76,48.74,29.10,17.98,2.77,15.81,3.36,NA,NA,NA,NA,NA,NA,NA,NA,NA,NA,NA,NA,NA,NA
2020-11-20 00:00:00,155.46,220.04,30.37,31.28,41.32,26.10,17.61,2.29,19.90,6.11,NA,NA,NA,NA,NA,NA,NA,NA,NA,NA,NA,NA,NA,NA
2020-11-21 00:00:00,120.75,189.98,23.61,25.54,32.78,22.52,16.67,2.22,21.93,4.47,NA,NA,NA,NA,NA,NA,NA,NA,NA,NA,NA,NA,NA,NA
2020-11-22 00:00:00,152.58,276.51,33.03,29.18,42.38,26.42,16.96,2.67,15.89,6.51,NA,NA,NA,NA,NA,NA,NA,NA,NA,NA,NA,NA,NA,NA
2020-11-23 00:00:00,209.14,286.70,54.73,37.61,64.50,34.48,18.99,4.57,9.25,7.67,NA,NA,NA,NA,NA,NA,NA,NA,NA,NA,NA,NA,NA,NA
2020-11-24 00:00:00,273.37,425.69,77.21,46.68,87.61,43.14,23.90,6.52,10.79,11.81,NA,NA,NA,NA,NA,NA,NA,NA,NA,NA,NA,NA,NA,NA
2020-11-25 00:00:00,314.73,468.52,55.65,38.89,65.94,36.99,24.11,4.44,6.42,6.32,NA,NA,NA,NA,NA,NA,NA,NA,NA,NA,NA,NA,NA,NA
2020-11-26 00:00:00,129.92,NA,27.69,29.27,38.09,26.44,15.67,2.31,9.75,5.21,NA,NA,NA,NA,NA,NA,NA,NA,NA,NA,NA,NA,NA,NA
2020-11-27 00:00:00,89.60,NA,26.21,27.73,36.06,24.88,14.10,2.14,13.29,5.18,NA,NA,NA,NA,NA,NA,NA,NA,NA,NA,NA,NA,NA,NA
2020-11-28 00:00:00,132.75,NA,26.42,24.54,34.53,22.73,13.33,2.68,21.38,2.64,NA,NA,NA,NA,NA,NA,NA,NA,NA,NA,NA,NA,NA,NA
2020-11-29 00:00:00,141.97,NA,29.20,26.47,37.82,19.61,18.17,3.91,40.31,3.58,NA,NA,NA,NA,NA,NA,NA,NA,NA,NA,NA,NA,NA,NA
2020-11-30 00:00:00,194.43,336.00,57.19,38.34,66.90,36.42,15.56,4.77,26.08,8.20,NA,NA,NA,NA,NA,NA,NA,NA,NA,NA,NA,NA,NA,NA
2020-12-01 00:00:00,201.05,282.77,57.54,41.58,68.90,38.33,20.68,5.26,22.26,11.31,NA,NA,NA,NA,NA,NA,NA,NA,NA,NA,NA,NA,NA,NA
2020-12-02 00:00:00,186.03,269.05,48.97,36.98,59.48,35.75,19.82,4.39,24.59,10.11,NA,NA,NA,NA,NA,NA,NA,NA,NA,NA,NA,NA,NA,NA
2020-12-03 00:00:00,152.18,206.62,45.22,37.47,56.47,36.70,17.85,4.04,23.12,6.62,NA,NA,NA,NA,NA,NA,NA,NA,NA,NA,NA,NA,NA,NA
2020-12-04 00:00:00,227.25,327.82,86.49,42.40,92.86,48.32,23.39,6.74,14.42,13.58,NA,NA,NA,NA,NA,NA,NA,NA,NA,NA,NA,NA,NA,NA
2020-12-05 00:00:00,235.59,321.37,61.89,21.06,61.51,39.64,15.44,4.42,8.80,19.55,NA,NA,NA,NA,NA,NA,NA,NA,NA,NA,NA,NA,NA,NA
2020-12-06 00:00:00,221.15,293.96,54.11,20.06,54.66,38.83,17.21,3.80,10.78,14.63,NA,NA,NA,NA,NA,NA,NA,NA,NA,NA,NA,NA,NA,NA
2020-12-07 00:00:00,228.67,315.91,46.31,21.48,49.07,36.57,8.34,3.78,14.34,9.55,NA,NA,NA,NA,NA,NA,NA,NA,NA,NA,NA,NA,NA,NA
2020-12-08 00:00:00,192.12,280.34,72.33,19.16,69.00,43.90,15.00,4.75,16.26,16.69,NA,NA,NA,NA,NA,NA,NA,NA,NA,NA,NA,NA,NA,NA
2020-12-09 00:00:00,177.09,251.53,74.83,20.73,71.87,43.96,19.24,4.78,14.53,18.36,NA,NA,NA,NA,NA,NA,NA,NA,NA,NA,NA,NA,NA,NA
2020-12-10 00:00:00,124.42,190.08,54.26,18.10,53.74,36.73,19.03,3.20,13.14,11.60,NA,NA,NA,NA,NA,NA,NA,NA,NA,NA,NA,NA,NA,NA
2020-12-11 00:00:00,164.00,261.97,65.42,18.30,62.92,42.76,21.30,3.69,11.26,17.14,NA,NA,NA,NA,NA,NA,NA,NA,NA,NA,NA,NA,NA,NA
2020-12-12 00:00:00,243.35,317.64,39.99,17.27,41.70,36.28,8.89,3.13,13.12,13.40,NA,NA,NA,NA,NA,NA,NA,NA,NA,NA,NA,NA,NA,NA
2020-12-13 00:00:00,119.31,175.15,27.96,17.68,32.14,28.92,8.48,1.87,17.64,10.34,NA,NA,NA,NA,NA,NA,NA,NA,NA,NA,NA,NA,NA,NA
2020-12-14 00:00:00,87.43,130.44,27.88,16.59,31.49,23.98,11.51,1.77,19.19,8.50,NA,NA,NA,NA,NA,NA,NA,NA,NA,NA,NA,NA,NA,NA
2020-12-15 00:00:00,115.39,166.51,25.77,15.07,28.97,22.43,25.90,1.92,16.97,6.83,NA,NA,NA,NA,NA,NA,NA,NA,NA,NA,NA,NA,NA,NA
2020-12-16 00:00:00,111.88,159.25,23.95,15.02,27.44,22.13,9.62,2.03,18.80,6.61,NA,NA,NA,NA,NA,NA,NA,NA,NA,NA,NA,NA,NA,NA
2020-12-17 00:00:00,120.64,168.47,21.48,14.53,25.18,20.75,5.58,2.09,22.17,10.26,NA,NA,NA,NA,NA,NA,NA,NA,NA,NA,NA,NA,NA,NA
2020-12-18 00:00:00,123.38,173.40,22.43,13.64,25.50,20.59,11.04,2.45,28.62,9.50,NA,NA,NA,NA,NA,NA,NA,NA,NA,NA,NA,NA,NA,NA
2020-12-19 00:00:00,140.08,200.96,26.09,14.15,28.74,21.01,13.14,2.66,27.38,8.58,NA,NA,NA,NA,NA,NA,NA,NA,NA,NA,NA,NA,NA,NA
2020-12-20 00:00:00,174.51,241.26,39.67,13.32,39.34,26.27,15.26,3.23,27.17,15.85,NA,NA,NA,NA,NA,NA,NA,NA,NA,NA,NA,NA,NA,NA
2020-12-21 00:00:00,195.78,257.25,50.20,14.17,48.35,31.03,27.05,4.24,27.63,12.89,NA,NA,NA,NA,NA,NA,NA,NA,NA,NA,NA,NA,NA,NA
2020-12-22 00:00:00,367.27,481.55,80.69,14.79,72.82,43.44,22.86,6.31,26.47,18.19,NA,NA,NA,NA,NA,NA,NA,NA,NA,NA,NA,NA,NA,NA
2020-12-23 00:00:00,315.85,403.86,113.16,14.08,97.66,52.84,26.11,7.07,20.96,26.49,NA,NA,NA,NA,NA,NA,NA,NA,NA,NA,NA,NA,NA,NA
2020-12-24 00:00:00,297.22,383.00,79.22,14.32,71.58,43.53,23.10,5.81,17.63,16.44,NA,NA,NA,NA,NA,NA,NA,NA,NA,NA,NA,NA,NA,NA
2020-12-25 00:00:00,184.82,247.39,44.16,14.20,43.45,30.65,11.97,3.69,20.57,9.93,NA,NA,NA,NA,NA,NA,NA,NA,NA,NA,NA,NA,NA,NA
2020-12-26 00:00:00,201.73,266.16,50.71,13.98,48.66,31.80,10.48,4.19,20.61,8.81,NA,NA,NA,NA,NA,NA,NA,NA,NA,NA,NA,NA,NA,NA
2020-12-27 00:00:00,233.82,317.96,65.35,13.85,60.49,37.16,23.88,4.44,14.16,8.47,NA,NA,NA,NA,NA,NA,NA,NA,NA,NA,NA,NA,NA,NA
2020-12-28 00:00:00,62.52,163.00,23.33,15.64,27.29,20.99,21.63,2.48,21.40,3.42,NA,NA,NA,NA,NA,NA,NA,NA,NA,NA,NA,NA,NA,NA
2020-12-29 00:00:00,86.41,178.97,22.51,17.11,27.40,21.88,11.19,2.63,20.38,4.33,NA,NA,NA,NA,NA,NA,NA,NA,NA,NA,NA,NA,NA,NA
2020-12-30 00:00:00,130.75,180.98,23.32,15.97,27.45,22.65,6.26,2.98,16.77,4.32,NA,NA,NA,NA,NA,NA,NA,NA,NA,NA,NA,NA,NA,NA
2020-12-31 00:00:00,187.07,244.57,29.60,14.51,31.79,24.76,8.53,3.81,14.69,6.11,NA,NA,NA,NA,NA,NA,NA,NA,NA,NA,NA,NA,NA,NA
